{"accuracy": [0.2225763350725174, 0.5860509872436523, 0.704120934009552, 0.7508152723312378, 0.7821671962738037, 0.8023272752761841, 0.8143343925476074, 0.832196831703186, 0.835161566734314, 0.8506522178649902, 0.8572487235069275, 0.8633264303207397, 0.8707382082939148, 0.8717758655548096, 0.8774829506874084, 0.8783723711967468, 0.8880818486213684, 0.8925288915634155, 0.8948265910148621, 0.8943818807601929, 0.9023124575614929, 0.9060925245285034, 0.9067595601081848, 0.9080195426940918, 0.909946620464325, 0.9122443199157715, 0.9142454862594604, 0.9151349067687988, 0.9152831435203552, 0.9245478510856628, 0.925956130027771, 0.9241032004356384, 0.9292914271354675, 0.9307737946510315, 0.9290691018104553, 0.9320337772369385, 0.9299585223197937, 0.9317373037338257, 0.9324043989181519, 0.9315890669822693, 0.9355173707008362, 0.9398161768913269, 0.9372961521148682, 0.9367032051086426, 0.9432997107505798, 0.9428550004959106, 0.9402608871459961, 0.9433738589286804, 0.9443373680114746, 0.9446338415145874], "loss": [3.666665554046631, 1.8599225282669067, 1.242775797843933, 0.9939673542976379, 0.8631262183189392, 0.7530418038368225, 0.7026175856590271, 0.6320430636405945, 0.6003331542015076, 0.5551410913467407, 0.5318233966827393, 0.5003934502601624, 0.4782091975212097, 0.4601533114910126, 0.438617080450058, 0.43263548612594604, 0.4108469486236572, 0.3911639451980591, 0.3793119490146637, 0.3725565969944, 0.3562552034854889, 0.33970630168914795, 0.33586084842681885, 0.3244297504425049, 0.3161143660545349, 0.31182193756103516, 0.3020484447479248, 0.2999686002731323, 0.29656732082366943, 0.27909576892852783, 0.2693963646888733, 0.26545894145965576, 0.2603374123573303, 0.2524619400501251, 0.2537311613559723, 0.2458038628101349, 0.24682512879371643, 0.2411559671163559, 0.23878213763237, 0.2324918508529663, 0.2239009290933609, 0.21243178844451904, 0.21872127056121826, 0.2178872972726822, 0.20616532862186432, 0.20693595707416534, 0.2050539255142212, 0.19638894498348236, 0.19897694885730743, 0.1941332221031189], "val_accuracy": [0.5199999809265137, 0.722000002861023, 0.7739999890327454, 0.8159999847412109, 0.8299999833106995, 0.8379999995231628, 0.8640000224113464, 0.8640000224113464, 0.8600000143051147, 0.8579999804496765, 0.8759999871253967, 0.8759999871253967, 0.8859999775886536, 0.8899999856948853, 0.8899999856948853, 0.8880000114440918, 0.8899999856948853, 0.8840000033378601, 0.8960000276565552, 0.8999999761581421, 0.8999999761581421, 0.9139999747276306, 0.9079999923706055, 0.906000018119812, 0.9020000100135803, 0.9020000100135803, 0.9039999842643738, 0.9020000100135803, 0.9039999842643738, 0.9039999842643738, 0.906000018119812, 0.9079999923706055, 0.8980000019073486, 0.9100000262260437, 0.9120000004768372, 0.9120000004768372, 0.9039999842643738, 0.9179999828338623, 0.9100000262260437, 0.9139999747276306, 0.9139999747276306, 0.906000018119812, 0.9120000004768372, 0.9160000085830688, 0.906000018119812, 0.9139999747276306, 0.9139999747276306, 0.9039999842643738, 0.9100000262260437, 0.9200000166893005], "val_loss": [2.3166849613189697, 1.1950584650039673, 0.8552020192146301, 0.689201831817627, 0.5807203054428101, 0.523674726486206, 0.4817425608634949, 0.4597730338573456, 0.4458822011947632, 0.4142124652862549, 0.39713039994239807, 0.3633061945438385, 0.35125359892845154, 0.3488340377807617, 0.35276147723197937, 0.3327328860759735, 0.3323633670806885, 0.31650951504707336, 0.31487709283828735, 0.31291434168815613, 0.30345389246940613, 0.300418496131897, 0.28969183564186096, 0.2930888533592224, 0.2948610484600067, 0.2735503613948822, 0.2854017913341522, 0.2844544053077698, 0.2829257845878601, 0.28375279903411865, 0.27662304043769836, 0.2786445915699005, 0.295742005109787, 0.2657180726528168, 0.2720734775066376, 0.2622331380844116, 0.2819969654083252, 0.2665345072746277, 0.28787961602211, 0.263550728559494, 0.25397545099258423, 0.26481112837791443, 0.2519846260547638, 0.2685316503047943, 0.26227957010269165, 0.2557724118232727, 0.25654348731040955, 0.26262059807777405, 0.24963603913784027, 0.2571982443332672]}